Workbook

Sheet 112-1禾山林名單
A1: 班級 | B1: 座號 | C1: 姓名 | D1: 生日 | E1: 身分證 | F1: 性別 | G1: 地址 | H1: 連絡電話
A2: 班級 | B2: 座號 | C2: 姓名 | D2: 性別 | E2: 身分證號 | F2: 生日(西元) | G2: 居住地址 | H2: 戶籍地址 | I2: 通訊電話 | J2: 緊急聯絡電話
A3: 一年甲班 | B3: 5 | C3: 朱德偉 | D3: 男 | E3: B125229610 | F3: 42878 | G3: 馬鳴里 012鄰 東西巷８６號之１ | H3: 馬鳴里 012鄰 東西巷８６號之１ | I3: 0916-217862(父) | J3: 0928-946176(母)
A4: 一年甲班 | B4: 17 | C4: 廖盈穎 | D4: 女 | E4: B225122387 | F4: 42939 | G4: 台中市外埔區馬鳴里10鄰東西巷52之12號 | H4: 外埔區六分里10鄰水頭一路295巷39號 | I4: 0963-438389(母) | J4: 0923-558055(父)
A5: 二年甲班 | B5: 6 | C5: 吳柏諺 | D5: 男 | E5: B125162469 | F5: 42512 | H5: 馬鳴里 003鄰 新厝路１１之１號 | I5: 0980394505 | J5: 0980394505
A6: 二年甲班 | B6: 7 | C6: 范品睿 | D6: 男 | E6: B125162727 | F6: 42547 | H6: 馬鳴里 005鄰 新厝路３０之１號 | I6: 04-26835387 | J6: 04-26835387
A7: 三年甲班 | B7: 8 | C7: 林芯卉 | D7: 女 | E7: B225017336 | F7: 42192 | G7: 臺中市外埔區中山里東西巷65弄7號 | H7: 臺中市外埔區馬鳴里2鄰土城路447號 | J7: 0925102503
A8: 四年甲班 | B8: 10 | C8: 劉芸亘 | D8: 女 | E8: B224902685 | F8: 41809 | G8: 臺中市外埔區馬鳴里5鄰新厝路31號 | H8: 臺中市外埔區馬鳴里5鄰新厝路31號 | I8: 04-26830780 | J8: 0933433792
A9: 五年甲班 | B9: 7 | C9: 劉芮彤 | D9: 女 | E9: B224692273 | F9: 41288 | G9: 六分里甲后路三段600巷31弄1號 | H9: 臺中市外埔區馬鳴里新厝路31號 | I9: 04-26888522 | J9: 0927-269661
A10: 六年甲班 | B10: 4 | C10: 詹可微 | D10: 女 | E10: B224256375 | F10: 40833 | G10: 臺中市外埔區馬鳴里004鄰新厝路１８號 | H10: 臺中市外埔區馬鳴里004鄰新厝路１８號 | I10: 04-26838779 | J10: 0919823163

Sheet 112-1印領清冊
A1: 臺中市外埔區馬鳴國小112學年度上學期 禾山林獎助學金印領清冊
A2: 編號 | B2: 班級 | D2: 座號 | E2: 姓名 | G2: 金額 | H2: 簽章
A3: 1 | B3: 一年甲班 | C3: 一年甲班 | D3: 5 | E3: 朱德偉 | F3: 朱德偉 | G3: 1000
A4: 2 | B4: 一年甲班 | C4: 一年甲班 | D4: 17 | E4: 廖盈穎 | F4: 廖盈穎 | G4: 1000
A5: 3 | B5: 二年甲班 | C5: 二年甲班 | D5: 6 | E5: 吳柏諺 | F5: 吳柏諺 | G5: 1000
A6: 4 | B6: 二年甲班 | C6: 二年甲班 | D6: 7 | E6: 范品睿 | F6: 范品睿 | G6: 1000
A7: 5 | B7: 三年甲班 | C7: 三年甲班 | D7: 8 | E7: 林芯卉 | F7: 林芯卉 | G7: 1000
A8: 6 | B8: 四年甲班 | C8: 四年甲班 | D8: 10 | E8: 劉芸亘 | F8: 劉芸亘 | G8: 1000
A9: 7 | B9: 五年甲班 | C9: 五年甲班 | D9: 7 | E9: 劉芮彤 | F9: 劉芮彤 | G9: 1000
A10: 8 | B10: 六年甲班 | C10: 六年甲班 | D10: 4 | E10: 詹可微 | F10: 詹可微 | G10: 1000
A12: 製表人 | C12: 出納 | F12: 會計 | H12: 校長

Sheet 112-1憑證
C1: 臺中市外埔區馬鳴國民小學
C2: 支出(收入)粘貼憑證用紙
A3: 憑證編號 | B3: 預 算 科 目 | E3: 金 額 | M3: 用 途 說 明
E4: 千萬 | F4: 百萬 | G4: 十萬 | H4: 萬 | I4: 千 | J4: 百 | K4: 十 | L4: 元 | M4: 臺中市外埔區馬鳴國小112學年度上學期禾山林獎助學金
A5: 收 支 | B5: 應付代收款 | J5: 0 | K5: 0 | L5: 0
G6: ＄ | I6: 8 | M6: V選付款情形 | O6: □ | P6: 1.本憑證未付現
O7: □ | P7: 2.零用金付現
A8: 經辦人 (1) | C8: 財務登記 | G8: 總務主任 | M8: 校長 (7) | O8: □ | P8: 3.由 國城 代墊
C9: 或所得登記 | G9: (單位主管)
O10: 領款簽章
A11: 驗收或證明 (2) | C11: 保管人或領用人 (4) | G11: 主辦會計 (6)
A13: 憑 證 黏 貼 處
A15: 財 產 (物品) 請購 (修) 單
A16: 請購日期： 112 年 10 月 23 日
A17: 品 名 | D17: 規 格 | H17: 單 位 | K17: 數 量 | N17: 單 價 | P17: 金 額
A18: ='112-1印領清冊'!E3 -> 朱德偉 | K18: 1 | N18: 1000 | P18: =N18*K18 -> 1000
A19: ='112-1印領清冊'!E4 -> 廖盈穎 | K19: 1 | N19: 1000 | P19: =N19*K19 -> 1000
A20: ='112-1印領清冊'!E5 -> 吳柏諺 | K20: 1 | N20: 1000 | P20: =N20*K20 -> 1000
A21: ='112-1印領清冊'!E6 -> 范品睿 | K21: 1 | N21: 1000 | P21: =N21*K21 -> 1000
A22: ='112-1印領清冊'!E7 -> 林芯卉 | K22: 1 | N22: 1000 | P22: =N22*K22 -> 1000
A23: ='112-1印領清冊'!E8 -> 劉芸亘 | K23: 1 | N23: 1000 | P23: =N23*K23 -> 1000
A24: ='112-1印領清冊'!E9 -> 劉芮彤 | K24: 1 | N24: 1000 | P24: =N24*K24 -> 1000
A25: ='112-1印領清冊'!E10 -> 詹可微 | K25: 1 | N25: 1000 | P25: =N25*K25 -> 1000
A26: 合 計 | P26: =SUM(P18:P25) -> 8000
A27: 請 購 人 | D27: 事 務 組 長 | K27: 會 計 推 算 | O27: 校 長
A29: 請購單位主管 | D29: 總 務 主 任
A31: 一、 不同工作計畫及用途別科目、物品類別者，請分別填寫本單。
A32: 二、 請購單位請詳列財物規格或附說明書，如有合適之廠牌請一併提供採購單位參考。
A33: 三、 財產或非消耗品核銷時，須附財產增加單或借用單，並加會財務管理人員。

Sheet 112-2印領清冊 
A1: 臺中市外埔區馬鳴國小112學年度下學期 禾山林獎助學金印領清冊
A2: 編號 | B2: 班級 | D2: 座號 | E2: 姓名 | G2: 金額 | H2: 簽章
A3: 1 | B3: 一年甲班 | C3: 一年甲班 | D3: 5 | E3: 朱德偉 | F3: 朱德偉 | G3: 1000
A4: 2 | B4: 一年甲班 | C4: 一年甲班 | D4: 7 | E4: 朱謙牧 | G4: 1000
A5: 3 | B5: 二年甲班 | C5: 二年甲班 | D5: 6 | E5: 吳柏諺 | F5: 吳柏諺 | G5: 1000
A6: 4 | B6: 二年甲班 | C6: 二年甲班 | D6: 7 | E6: 范品睿 | F6: 范品睿 | G6: 1000
A7: 5 | B7: 三年甲班 | C7: 三年甲班 | D7: 4 | E7: 賴逸綸 | G7: 1000
A8: 6 | B8: 四年甲班 | C8: 四年甲班 | D8: 10 | E8: 劉芸亘 | F8: 劉芸亘 | G8: 1000
A9: 7 | B9: 五年甲班 | C9: 五年甲班 | D9: 7 | E9: 劉芮彤 | F9: 劉芮彤 | G9: 1000
A10: 8 | B10: 六年甲班 | C10: 六年甲班 | D10: 7 | E10: 張育婕 | G10: 1000
A12: 製表人 | C12: 出納 | F12: 會計 | H12: 校長

Sheet 112-2憑證
C1: 臺中市外埔區馬鳴國民小學
C2: 支出(收入)粘貼憑證用紙
A3: 憑證編號 | B3: 預 算 科 目 | E3: 金 額 | M3: 用 途 說 明
E4: 千萬 | F4: 百萬 | G4: 十萬 | H4: 萬 | I4: 千 | J4: 百 | K4: 十 | L4: 元 | M4: 臺中市外埔區馬鳴國小112學年度下學期禾山林獎助學金
A5: 收 支 | B5: 應付代收款 | J5: 0 | K5: 0 | L5: 0
G6: ＄ | I6: 8 | M6: V選付款情形 | O6: □ | P6: 1.本憑證未付現
O7: □ | P7: 2.零用金付現
A8: 經辦人 (1) | C8: 財務登記 | G8: 總務主任 | M8: 校長 (7) | O8: □ | P8: 3.由 國城 代墊
C9: 或所得登記 | G9: (單位主管)
O10: 領款簽章
A11: 驗收或證明 (2) | C11: 保管人或領用人 (4) | G11: 主辦會計 (6)
A13: 憑 證 黏 貼 處
A15: 財 產 (物品) 請購 (修) 單
A16: 請購日期： 113 年 3 月 25 日
A17: 品 名 | D17: 規 格 | H17: 單 位 | K17: 數 量 | N17: 單 價 | P17: 金 額
A18: 禾山林獎助學金 | K18: 8 | N18: 1000 | P18: =N18*K18 -> 8000
A26: 合 計 | P26: =SUM(P18:P25) -> 8000
A27: 請 購 人 | D27: 事 務 組 長 | K27: 會 計 推 算 | O27: 校 長
A29: 請購單位主管 | D29: 總 務 主 任
A31: 一、 不同工作計畫及用途別科目、物品類別者，請分別填寫本單。
A32: 二、 請購單位請詳列財物規格或附說明書，如有合適之廠牌請一併提供採購單位參考。
A33: 三、 財產或非消耗品核銷時，須附財產增加單或借用單，並加會財務管理人員。

Sheet 113-1印領清冊
A1: 臺中市外埔區馬鳴國小113學年度上學期 禾山林獎助學金印領清冊
A2: 編號 | B2: 班級 | D2: 姓名 | F2: 金額 | G2: 簽章
A3: 1 | B3: 一年甲班 | C3: 一年甲班 | D3: 賴璿恩 | F3: 1000
A4: 2 | B4: 一年甲班 | C4: 一年甲班 | D4: 顏宥宇 | E4: 廖盈穎 | F4: 1000
A5: 3 | B5: 二年甲班 | C5: 二年甲班 | D5: 林芯如 | E5: 吳柏諺 | F5: 1000
A6: 4 | B6: 二年甲班 | C6: 二年甲班 | D6: 高姵甄 | E6: 范品睿 | F6: 1000
A7: 5 | B7: 三年甲班 | C7: 三年甲班 | D7: 吳柏諺 | E7: 林芯卉 | F7: 1000
A8: 6 | B8: 四年甲班 | C8: 四年甲班 | D8: 林芯卉 | E8: 劉芸亘 | F8: 1000
A9: 7 | B9: 五年甲班 | C9: 五年甲班 | D9: 劉芸亘 | E9: 劉芮彤 | F9: 1000
A10: 8 | B10: 六年甲班 | C10: 六年甲班 | D10: 顏岑亦 | E10: 詹可微 | F10: 1000
A12: 製表人 | C12: 出納 | E12: 會計 | G12: 校長

Sheet 113-1憑證
C1: 臺中市外埔區馬鳴國民小學
C2: 支出(收入)粘貼憑證用紙
A3: 憑證編號 | B3: 預 算 科 目 | E3: 金 額 | M3: 用 途 說 明
E4: 千萬 | F4: 百萬 | G4: 十萬 | H4: 萬 | I4: 千 | J4: 百 | K4: 十 | L4: 元 | M4: 臺中市外埔區馬鳴國小113學年度上學期禾山林獎助學金
A5: 收 支 | B5: 應付代收款 | J5: 0 | K5: 0 | L5: 0
G6: ＄ | I6: 8 | M6: V選付款情形 | O6: □ | P6: 1.本憑證未付現
O7: □ | P7: 2.零用金付現
A8: 經辦人 (1) | C8: 財務登記 | G8: 總務主任 | M8: 校長 (7) | O8: □ | P8: 3.由 國城 代墊
C9: 或所得登記 | G9: (單位主管)
O10: 領款簽章
A11: 驗收或證明 (2) | C11: 保管人或領用人 (4) | G11: 主辦會計 (6)
A13: 憑 證 黏 貼 處
A15: 財 產 (物品) 請購 (修) 單
A16: 請購日期： 113 年 10 月 21 日
A17: 品 名 | D17: 規 格 | H17: 單 位 | K17: 數 量 | N17: 單 價 | P17: 金 額
A18: 113學年度上學期禾山林獎助學金 | K18: 8 | N18: 1000 | P18: =N18*K18 -> 8000
A26: 合 計 | P26: =SUM(P18:P25) -> 8000
A27: 請 購 人 | D27: 事 務 組 長 | K27: 會 計 推 算 | O27: 校 長
A29: 請購單位主管 | D29: 總 務 主 任
A31: 一、 不同工作計畫及用途別科目、物品類別者，請分別填寫本單。
A32: 二、 請購單位請詳列財物規格或附說明書，如有合適之廠牌請一併提供採購單位參考。
A33: 三、 財產或非消耗品核銷時，須附財產增加單或借用單，並加會財務管理人員。

Sheet 113-2印領清冊
A1: 臺中市外埔區馬鳴國小113學年度下學期 禾山林獎助學金印領清冊
A2: 編號 | B2: 班級 | D2: 姓名 | F2: 金額 | G2: 簽章
A3: 1 | B3: 一年甲班 | C3: 一年甲班 | D3: 顏宥宇 | F3: 1000
A4: 2 | B4: 一年甲班 | C4: 一年甲班 | D4: 林浩瑋 | E4: 廖盈穎 | F4: 1000
A5: 3 | B5: 二年甲班 | C5: 二年甲班 | D5: 林芯如 | E5: 吳柏諺 | F5: 1000
A6: 4 | B6: 二年甲班 | C6: 二年甲班 | D6: 李季瑄 | E6: 范品睿 | F6: 1000
A7: 5 | B7: 三年甲班 | C7: 三年甲班 | D7: 范品睿 | E7: 林芯卉 | F7: 1000
A8: 6 | B8: 四年甲班 | C8: 四年甲班 | D8: 林芯卉 | E8: 劉芸亘 | F8: 1000
A9: 7 | B9: 五年甲班 | C9: 五年甲班 | D9: 劉芸亘 | E9: 劉芮彤 | F9: 1000
A10: 8 | B10: 六年甲班 | C10: 六年甲班 | D10: 顏岑亦 | E10: 詹可微 | F10: 1000
A12: 製表人 | C12: 出納 | E12: 會計 | G12: 校長

Sheet 113-2憑證
C1: 臺中市外埔區馬鳴國民小學
C2: 支出(收入)粘貼憑證用紙
A3: 憑證編號 | B3: 預 算 科 目 | E3: 金 額 | M3: 用 途 說 明
E4: 千萬 | F4: 百萬 | G4: 十萬 | H4: 萬 | I4: 千 | J4: 百 | K4: 十 | L4: 元 | M4: 臺中市外埔區馬鳴國小113學年度 下學期禾山林獎助學金
A5: 收 支 | B5: 應付代收款 | J5: 0 | K5: 0 | L5: 0
G6: ＄ | I6: 8 | M6: V選付款情形 | O6: □ | P6: 1.本憑證未付現
O7: □ | P7: 2.零用金付現
A8: 經辦人 (1) | C8: 財務登記 | G8: 總務主任 | M8: 校長 (7) | O8: □ | P8: 3.由 代墊
C9: 或所得登記 | G9: (單位主管)
O10: 領款簽章
A11: 驗收或證明 (2) | C11: 保管人或領用人 (4) | G11: 主辦會計 (6)
A13: 憑 證 黏 貼 處
A15: 財 產 (物品) 請購 (修) 單
A16: 請購日期： 114 年 3 月 13 日
A17: 品 名 | D17: 規 格 | H17: 單 位 | K17: 數 量 | N17: 單 價 | P17: 金 額
A18: 113學年度上學期禾山林獎助學金 | K18: 8 | N18: 1000 | P18: =N18*K18 -> 8000
A26: 合 計 | P26: =SUM(P18:P25) -> 8000
A27: 請 購 人 | D27: 事 務 組 長 | K27: 會 計 推 算 | O27: 校 長
A29: 請購單位主管 | D29: 總 務 主 任
A31: 一、 不同工作計畫及用途別科目、物品類別者，請分別填寫本單。
A32: 二、 請購單位請詳列財物規格或附說明書，如有合適之廠牌請一併提供採購單位參考。
A33: 三、 財產或非消耗品核銷時，須附財產增加單或借用單，並加會財務管理人員。
